{"cameraMode":{"drawMode":0,"name":"Shaded","section":"Shading Mode"},"sceneLighting":false,"audioPlay":false,"sceneViewState":{"showFog":true,"showMaterialUpdate":false,"showSkybox":false,"showFlares":true,"showImageEffects":true,"showParticleSystems":true},"in2DMode":false,"pivot":{"x":-0.7855814099311829,"y":-64.75811004638672,"z":45.82839584350586},"rotation":{"x":-0.45512640476226809,"y":0.0015987915685400367,"z":-0.0008182711317203939,"w":-0.8904566168785095},"size":83.37504577636719,"orthographic":false}