{"cameraMode":{"drawMode":0,"name":"Shaded","section":"Shading Mode"},"sceneLighting":true,"audioPlay":false,"sceneViewState":{"showFog":true,"showMaterialUpdate":false,"showSkybox":true,"showFlares":true,"showImageEffects":true,"showParticleSystems":true},"in2DMode":false,"pivot":{"x":10.272649765014649,"y":-1.4271860122680665,"z":8.430102348327637},"rotation":{"x":0.3926781713962555,"y":0.3078853487968445,"z":-0.14140009880065919,"w":0.8550915122032166},"size":16.65648651123047,"orthographic":false}